Composition,T,GBR_Pred
Eu0.25Gd0.25Nd0.25Sm0.25PO4,1500,6.930173140502682
Ce0.25Eu0.25La0.25Sm0.25PO4,1500,6.897349825028245
Ce0.20Eu0.20La0.20Nd0.20Sm0.20PO4,1500,6.730561051193116
Ce0.25Gd0.25La0.25Sm0.25PO4,1500,6.659827399124472
Ce0.20Eu0.20Gd0.20La0.20Sm0.20PO4,1500,6.572552417804796
Eu0.25La0.25Nd0.25Sm0.25PO4,1500,6.5283203013586455
Eu0.25Gd0.25La0.25Nd0.25PO4,1500,6.431285831165308
Eu0.20Gd0.20La0.20Nd0.20Sm0.20PO4,1500,6.4051067745170505
Eu0.25Gd0.25La0.25Sm0.25PO4,1500,6.377094090456829
Ce0.25Eu0.25La0.25Nd0.25PO4,1500,6.28507134908749
